TDSFU Daily run: Mon Oct 27 10:33:32 UTC 2025 TDSFU
TDSFU Daily run: Mon Oct 27 10:37:47 UTC 2025 TDSFU
TDSFU Daily run: Tue Oct 28 04:35:31 UTC 2025 TDSFU
TDSFU Daily run: Wed Oct 29 04:41:23 UTC 2025 TDSFU
TDSFU Daily run: Thu Oct 30 04:35:00 UTC 2025 TDSFU
TDSFU Daily run: Fri Oct 31 04:38:22 UTC 2025 TDSFU
TDSFU Daily run: Sat Nov  1 04:33:04 UTC 2025 TDSFU
TDSFU Daily run: Sun Nov  2 04:35:49 UTC 2025 TDSFU
TDSFU Daily run: Mon Nov  3 04:41:45 UTC 2025 TDSFU
TDSFU Daily run: Tue Nov  4 04:35:32 UTC 2025 TDSFU
